uknum,party,ukvotes
"27","con","17516"
"27","lab","16137"
"27","sdp","11634"
"28","con","28381"
"28","lab","10646"
"28","sdp","15931"
"28","bnp","344"
"29","con","18400"
"29","lab","22231"
"29","sdp","8124"
"30","con","22544"
"30","lab","7259"
"30","sdp","17240"
"30","prog_lib","319"
"30","eco","441"
"30","world_govt","67"
"31","con","21433"
"31","lab","20563"
"31","sdp","11678"
"31","eco","493"
"32","con","15972"
"32","lab","19248"
"32","sdp","7675"
"32","nf","539"
"32","eco","377"
"32","cbwu","0"
"32","community","0"
"33","con","30552"
"33","lab","5107"
"33","lib","12252"
"34","con","23606"
"34","lab","6386"
"34","lib","10936"
"34","bnp","203"
"35","con","33042"
"35","lab","9420"
"35","lib","15661"
"36","con","27969"
"36","lab","11323"
"36","lib","14120"
"36","ind","344"
"37","con","31767"
"37","lab","16036"
"37","sdp","9899"
"38","oup","9642"
"38","dup","17631"
"38","alliance","9373"
"38","sf","682"
"39","oup","15339"
"39","dup","8260"
"39","sdlp","5944"
"39","alliance","3879"
"39","sf","5451"
"39","wp","2412"
"39","ind_dup","1134"
"40","oup","18669"
"40","dup","4565"
"40","sdlp","3216"
"40","alliance","8945"
"40","sf","1107"
"40","wp","856"
"41","oup","2435"
"41","dup","2399"
"41","sdlp","10934"
"41","sf","16379"
"41","wp","1893"
"41","ind","10326"
"42","con","33967"
"42","lab","7953"
"42","sdp","17868"
"43","con","13743"
"43","lab","5975"
"43","lib","21958"
"44","con","4323"
"44","lab","15740"
"44","lib","9382"
"44","nf","800"
"44","comm","243"
"44","yts","214"
"44","rap","136"
"45","con","31233"
"45","lab","6921"
"45","lib","17364"
"46","con","30329"
"46","lab","3587"
"46","lib","10583"
"46","eco","538"
"47","con","23411"
"47","lab","7560"
"47","lib","13153"
"48","con","29635"
"48","lab","10528"
"48","lib","15020"
"49","con","13535"
"49","lab","23249"
"49","lib","9782"
"49","eco","337"
"50","con","19585"
"50","lab","7647"
"50","sdp","8167"
"50","eco","516"
"50","ind_con","293"
"50","other","266"
"51","con","14699"
"51","lab","14930"
"51","sdp","7915"
"52","con","21142"
"52","lab","11769"
"52","lib","10175"
"53","con","14600"
"53","lab","19692"
"53","lib","6557"
"53","nf","529"
"54","con","10248"
"54","lab","19278"
"54","lib","7758"
"54","workers_rev","198"
"54","sdbp","335"
"55","con","22596"
"55","lab","19836"
"55","lib","10045"
"55","comm","420"
"56","con","19659"
"56","lab","27061"
"56","lib","4773"
"57","con","23008"
"57","lab","17612"
"57","sdp","10613"
"58","con","7262"
"58","lab","22874"
"58","sdp","5722"
"59","con","9209"
"59","lab","19757"
"59","sdp","3416"
"59","rev_comm","305"
"59","ind","281"
"60","con","17986"
"60","lab","15141"
"60","sdp","8109"
"60","nf","415"
"61","con","18444"
"61","lab","22750"
"61","lib","10070"
"62","con","32689"
"62","lab","6838"
"62","lib","15573"
"62","nf","568"
"63","con","22345"
"63","lab","25406"
"63","sdp","8174"
"63","nf","864"
"64","con","20592"
"64","lab","8730"
"64","lib","10440"
"64","nf","514"
"65","con","19852"
"65","lab","9714"
"65","sdp","9417"
"65","nf","263"
"66","con","4816"
"66","lab","30113"
"66","lib","6488"
"66","plaid","1624"
"67","con","14063"
"67","lab","21285"
"67","sdp","12607"
"68","con","11657"
"68","lab","16583"
"68","sdp","13340"
"68","ind","406"
"69","con","12666"
"69","lab","26514"
"69","sdp","7886"
"70","con","19632"
"70","lab","17189"
"70","sdp","8311"
"70","bnp","186"
"70","ind","104"
"71","con","15231"
"71","lab","23984"
"71","lib","10157"
"71","pr","296"
"72","con","23731"
"72","lab","16579"
"72","sdp","12321"
"73","con","30536"
"73","lab","9271"
"73","lib","13116"
"74","con","12143"
"74","lab","27282"
"74","sdp","12068"
"75","con","31663"
"75","lab","11120"
"75","sdp","14369"
"76","con","25176"
"76","lab","4026"
"76","lib","13760"
"76","eco","273"
"76","lm","225"
"76","ind_con","3644"
"77","con","28466"
"77","lab","6243"
"77","lib","15135"
"77","bnp","180"
"78","con","5129"
"78","lab","15878"
"78","lib","10017"
"78","nf","596"
"78","workers_rev","117"
"78","ind_lab","266"
"79","con","16094"
"79","lab","14492"
"79","sdp","11962"
"79","ind_lab","4018"
"79","bnp","193"
"79","loony_soc","194"
"80","con","18432"
"80","lab","18542"
"80","sdp","12143"
"80","eco","308"
"81","con","16162"
"81","lab","19499"
"81","sdp","13301"
"81","workers_rev","139"
"82","con","29462"
"82","lab","10551"
"82","sdp","16021"
"83","con","18255"
"83","lab","9471"
"83","lib","9226"
"83","plaid","640"
"83","ind","278"
"84","con","13529"
"84","lab","18363"
"84","sdp","6598"
"84","workers_rev","222"
"84","inp","289"
"84","ind","88"
"85","con","24842"
"85","lab","10191"
"85","sdp","9082"
"86","con","10740"
"86","lab","21259"
"86","lib","7557"
"86","eth_min","356"
"87","con","24515"
"87","lab","15128"
"87","sdp","11438"
"87","nf","427"
"87","cacm","179"
"88","con","29484"
"88","lab","5739"
"88","lib","15282"
"89","con","15950"
"89","lab","14623"
"89","sdp","9630"
"89","plaid","1312"
"90","con","25107"
"90","lab","8524"
"90","sdp","14410"
"91","con","31284"
"91","lab","7370"
"91","sdp","14675"
"91","eco","803"
"92","con","28893"
"92","lab","11404"
"92","lib","16704"
"93","con","22265"
"93","lab","12887"
"93","sdp","8098"
"93","nf","290"
"94","con","21323"
"94","lab","9879"
"94","sdp","10191"
"95","con","19844"
"95","lab","18055"
"95","lib","10404"
"95","nf","343"
"95","eco","311"
"96","con","24617"
"96","lab","18290"
"96","sdp","13228"
"97","con","17405"
"97","lab","21824"
"97","sdp","9674"
"97","comm","224"
"97","workers_rev","113"
"98","con","25400"
"98","lab","10094"
"98","lib","15222"
"98","eco","874"
"98","ind","142"
"99","con","27911"
"99","lab","10280"
"99","sdp","10736"
"99","eco","716"
"100","con","29328"
"100","lib","11862"
"100","lab","8159"
"100","bnp","502"
"101","con","28522"
"101","lab","11368"
"101","lib","13444"
"102","con","27552"
"102","lab","7272"
"102","lib","13584"
"103","con","19408"
"103","lab","20178"
"103","lib","11195"
"104","con","27874"
"104","lab","16227"
"104","lib","10420"
"105","con","23923"
"105","lab","21131"
"105","lib","7550"
"106","con","21718"
"106","lab","17998"
"106","sdp","9628"
"107","con","31081"
"107","lab","6666"
"107","sdp","14959"
"108","con","7319"
"108","lab","6736"
"108","lib","2356"
"108","plaid","18308"
"109","con","9295"
"109","lab","21570"
"109","lib","10017"
"109","plaid","6414"
"110","con","5276"
"110","lab","3325"
"110","sdp","12119"
"110","snp","2568"
"111","con","24439"
"111","lab","15108"
"111","lib","16440"
"112","con","20931"
"112","lab","14240"
"112","sdp","14963"
"112","loony_soc","286"
"113","con","21741"
"113","lab","4625"
"113","lib","26936"
"114","con","28555"
"114","lab","6261"
"114","sdp","14791"
"115","con","32521"
"115","lab","6703"
"115","lib","18654"
"116","con","20976"
"116","lab","18931"
"116","sdp","11336"
"117","con","29029"
"117","lab","7906"
"117","lib","13287"
"117","eco","962"
"117","ind","226"
"118","con","16090"
"118","lab","9389"
"118","lib","12638"
"118","plaid","704"
"119","con","19433"
"119","lab","8256"
"119","sdp","12585"
"119","plaid","974"
"120","con","15172"
"120","lab","17448"
"120","lib","8816"
"120","plaid","673"
"120","fwd","165"
"121","con","15472"
"121","lab","13698"
"121","sdp","10388"
"121","plaid","848"
"121","eco","352"
"122","con","15547"
"122","lab","15618"
"122","sdp","10471"
"123","con","15305"
"123","lab","16459"
"123","sdp","5737"
"123","plaid","14099"
"123","eco","374"
"123","bnp","154"
"124","con","10024"
"124","lab","21394"
"124","sdp","7421"
"124","snp","2694"
"125","con","25396"
"125","lab","8655"
"125","sdp","14641"
"125","eco","748"
"126","con","26730"
"126","lab","7621"
"126","sdp","11313"
"127","con","14038"
"127","lab","6840"
"127","lib","19677"
"127","plaid","6072"
"127","eco","431"
"128","con","28452"
"128","lab","3553"
"128","lib","19072"
"129","con","29824"
"129","lab","3208"
"129","lib","29446"
"129","ind","127"
"130","con","19122"
"130","lab","3876"
"130","lib","7101"
"130","ind","139"
"1","con","6605"
"1","lab","23745"
"1","lib","8206"
"1","plaid","1859"
"2","con","7426"
"2","lab","19262"
"2","sdp","10118"
"2","snp","3790"
"2","eco","367"
"3","con","15393"
"3","lab","11812"
"3","sdp","10372"
"3","snp","1974"
"4","con","31288"
"4","lab","6070"
"4","lib","19070"
"5","con","24148"
"5","lab","11864"
"5","sdp","11599"
"6","con","25321"
"6","lab","7684"
"6","lib","14410"
"6","eco","629"
"6","ind","152"
"7","con","21502"
"7","lab","18184"
"7","lib","10989"
"7","ind","856"
"8","con","16438"
"8","lab","17806"
"8","sdp","9535"
"8","plaid","413"
"9","con","19218"
"9","lab","3497"
"9","sdp","4978"
"9","snp","15691"
"9","eco","239"
"10","oup","14293"
"10","dup","13926"
"10","alliance","7620"
"10","wp","581"
"10","sdlp","1047"
"10","ind","741"
"11","oup","10749"
"11","dup","23922"
"11","sdlp","6193"
"11","sf","2860"
"11","eco","451"
"12","oup","17727"
"12","dup","10935"
"12","alliance","4612"
"12","sdlp","3377"
"12","sf","1629"
"12","wp","549"
"13","con","13380"
"13","lab","3204"
"13","lib","9536"
"13","snp","8514"
"14","con","31096"
"14","lab","4302"
"14","lib","15391"
"14","cfcp","1399"
"15","con","15772"
"15","lab","21859"
"15","lib","13812"
"16","con","27230"
"16","lab","6167"
"16","sdp","13319"
"16","eco","569"
"16","bnp","195"
"16","nat_lab","456"
"17","con","13290"
"17","lab","20987"
"17","sdp","7521"
"17","rev_comm","407"
"18","con","30230"
"18","lab","6364"
"18","sdp","15310"
"18","ind","166"
"19","con","21325"
"19","lab","13338"
"19","lib","12740"
"19","snp","2431"
"20","con","26225"
"20","lab","9343"
"20","sdp","13200"
"20","loony_soc","383"
"21","con","16072"
"21","lab","3150"
"21","sdp","6084"
"21","snp","15135"
"22","con","10389"
"22","lab","14415"
"22","lib","8770"
"22","nf","646"
"23","con","7674"
"23","lab","21847"
"23","lib","7011"
"24","con","5749"
"24","lab","23505"
"24","lib","6413"
"25","con","12218"
"25","lab","22560"
"25","sdp","9624"
"26","con","22284"
"26","lab","17707"
"26","sdp","11079"
"313","con","21374"
"313","lab","7056"
"313","lib","13066"
"314","con","14137"
"314","lab","18111"
"314","sdp","9262"
"314","bnp","316"
"315","con","24534"
"315","lab","13755"
"315","sdp","14594"
"316","con","13227"
"316","lab","20486"
"316","lib","9242"
"316","workers_rev","155"
"317","con","24962"
"317","lab","6970"
"317","lib","13226"
"318","con","32602"
"318","lab","3377"
"318","sdp","17833"
"319","con","21393"
"319","lab","12207"
"319","sdp","11251"
"319","nf","402"
"319","eco","219"
"320","con","22323"
"320","lab","18424"
"320","sdp","10995"
"320","eco","854"
"321","con","37897"
"321","lab","4999"
"321","sdp","16112"
"321","eco","925"
"322","con","12104"
"322","lab","26168"
"322","sdp","12347"
"323","con","28628"
"323","lab","6500"
"323","lib","11409"
"323","see","524"
"323","mdp","189"
"324","con","16096"
"324","lab","20051"
"324","lib","12027"
"324","ind","271"
"325","con","13541"
"325","lab","23615"
"325","lib","10172"
"326","con","15337"
"326","lab","21365"
"326","sdp","13381"
"326","nat","222"
"327","con","11707"
"327","lab","15361"
"327","sdp","9575"
"328","con","34254"
"328","lab","6317"
"328","lib","13906"
"328","eco","444"
"329","con","19405"
"329","lab","19384"
"329","sdp","6716"
"329","eco","266"
"329","ind","169"
"330","con","22042"
"330","lab","10841"
"330","sdp","10052"
"331","con","18672"
"331","lab","14106"
"331","lib","7999"
"331","bnp","316"
"332","con","13373"
"332","lab","6448"
"332","lib","20671"
"332","snp","4395"
"333","con","21114"
"333","lab","22191"
"333","lib","7220"
"333","bnp","235"
"334","con","34904"
"334","lab","1828"
"334","lib","38407"
"334","iwrp","208"
"335","con","9344"
"335","lab","14951"
"335","sdp","8268"
"335","ind_lab","4091"
"335","bnp","176"
"335","cui","0"
"336","con","9894"
"336","lab","13460"
"336","sdp","13097"
"336","nf","341"
"336","spgb","85"
"336","bnp","94"
"336","ifp","102"
"337","con","5511"
"337","lab","23183"
"337","sdp","8803"
"337","plaid","1574"
"338","con","11274"
"338","lab","25151"
"338","lib","9094"
"131","con","29187"
"131","lab","4390"
"131","lib","23669"
"131","eco","479"
"132","con","29679"
"132","lab","6902"
"132","sdp","13980"
"132","famp","318"
"133","con","32435"
"133","lab","4150"
"133","lib","16556"
"134","con","22645"
"134","lab","13546"
"134","lib","11874"
"135","con","16118"
"135","lab","23881"
"135","lib","9705"
"136","con","35482"
"136","lab","3995"
"136","sdp","15365"
"136","eco","838"
"137","con","22541"
"137","lab","7239"
"137","lib","10127"
"137","nf","380"
"137","eco","479"
"137","ind","0"
"138","con","23164"
"138","lab","6599"
"138","lib","10771"
"138","eco","552"
"138","ind","195"
"139","con","22108"
"139","lab","7320"
"139","lib","10047"
"139","bnp","201"
"140","con","27861"
"140","lab","17568"
"140","sdp","11691"
"140","eco","451"
"140","ind","114"
"141","con","31722"
"141","lab","3590"
"141","sdp","11984"
"142","con","34282"
"142","lab","5243"
"142","lib","20455"
"143","con","20754"
"143","lab","6013"
"143","lib","7367"
"143","nf","258"
"143","comm","0"
"143","ind","0"
"143","eco","419"
"144","con","6490"
"144","lab","16478"
"144","sdp","6205"
"144","snp","6839"
"145","con","23283"
"145","lab","7433"
"145","lib","13244"
"145","plaid","1669"
"146","con","14575"
"146","lab","11829"
"146","sdp","13024"
"146","plaid","3684"
"147","con","7852"
"147","lab","17288"
"147","sdp","9573"
"147","snp","3566"
"147","comm","308"
"148","con","13007"
"148","lab","17873"
"148","sdp","9908"
"148","snp","5271"
"149","con","29221"
"149","lab","10397"
"149","lib","14873"
"149","ind_con","784"
"149","ind","510"
"150","con","31296"
"150","lab","7932"
"150","sdp","19131"
"151","con","17993"
"151","lab","13668"
"151","lib","21139"
"151","ind","260"
"152","con","23895"
"152","lib","15436"
"152","lab","9783"
"153","con","16413"
"153","lab","6731"
"153","lib","12145"
"153","plaid_con","0"
"154","con","16919"
"154","lab","18756"
"154","sdp","6722"
"155","con","20827"
"155","lab","17659"
"155","lib","9905"
"155","eco","505"
"156","con","28146"
"156","lab","2096"
"156","lib","23087"
"156","corn_nat","364"
"209","con","12779"
"209","lab","19135"
"209","lib","11008"
"210","con","22051"
"210","lab","11959"
"210","sdp","10593"
"210","comm","192"
"211","con","23128"
"211","lab","16837"
"211","lib","11021"
"211","bnp","306"
"212","con","15548"
"212","lab","26664"
"212","lib","8059"
"212","nf","555"
"213","con","7342"
"213","lab","25912"
"213","lib","11120"
"214","con","31501"
"214","lab","3790"
"214","lib","18015"
"215","con","11483"
"215","lab","17535"
"215","sdp","13199"
"215","snp","4795"
"215","comm","256"
"216","con","32393"
"216","lab","11736"
"216","lib","19385"
"217","con","14693"
"217","lab","20934"
"217","lib","9950"
"217","snp","2083"
"218","con","21072"
"218","lab","9083"
"218","sdp","12472"
"218","snp","2618"
"219","lab","21644"
"219","con","15639"
"219","lib","9392"
"219","comm","485"
"220","con","28407"
"220","lab","11169"
"220","lib","13361"
"221","con","14095"
"221","lab","11529"
"221","sdp","9498"
"221","snp","1810"
"221","comm","119"
"222","con","10303"
"222","lab","16169"
"222","lib","7570"
"222","snp","1976"
"223","con","10706"
"223","lab","16177"
"223","sdp","11204"
"223","snp","2646"
"224","con","17051"
"224","lab","10390"
"224","sdp","12742"
"224","snp","2642"
"224","eco","687"
"225","con","16485"
"225","lab","12824"
"225","sdp","12830"
"225","snp","2256"
"225","eco","450"
"226","con","17646"
"226","lab","9313"
"226","lib","17148"
"226","snp","2126"
"227","con","18968"
"227","lab","17775"
"227","lib","7523"
"227","bnp","372"
"228","con","24371"
"228","lab","17284"
"228","sdp","11413"
"229","con","23909"
"229","lab","16053"
"229","sdp","10509"
"230","con","19530"
"230","lab","11938"
"230","lib","9030"
"230","bnp","276"
"231","con","25456"
"231","lab","13740"
"231","sdp","9452"
"231","eco","320"
"231","bnp","268"
"232","con","26451"
"232","lab","8132"
"232","lib","10652"
"232","bnp","318"
"233","con","27373"
"233","lab","8289"
"233","sdp","11995"
"233","eco","452"
"233","brit_nat","330"
"234","con","30737"
"234","lab","6587"
"234","lib","13542"
"235","con","25167"
"235","lab","13848"
"235","sdp","12331"
"235","ind_lab","4158"
"236","con","15289"
"236","lab","11260"
"236","sdp","14369"
"236","bnp","272"
"237","con","28577"
"237","lab","3250"
"237","lib","12665"
"237","loony_soc","664"
"238","con","26660"
"238","lab","13088"
"238","sdp","16780"
"238","eco","779"
"239","con","7895"
"239","lab","17956"
"239","sdp","6967"
"239","snp","4490"
"239","comm","344"
"240","con","7690"
"240","lab","16668"
"240","lib","7477"
"240","snp","4739"
"241","con","24614"
"241","lab","10446"
"241","sdp","13589"
"241","mk","582"
"242","con","32762"
"242","lab","3808"
"242","lib","16446"
"243","con","29849"
"243","lab","11130"
"243","sdp","15252"
"244","con","23724"
"244","lab","21304"
"244","lib","8706"
"244","nf","696"
"245","oup","28630"
"245","sdlp","9923"
"245","sf","20954"
"245","wp","649"
"246","con","8863"
"246","lab","17008"
"246","lib","9214"
"246","snp","4039"
"246","eco","297"
"247","con","17129"
"247","lab","2429"
"247","lib","14944"
"247","snp","2442"
"247","eco","242"
"248","con","19616"
"248","lab","10302"
"248","lib","7763"
"248","loony_soc","235"
"248","wfloe","279"
"248","anti_censor","0"
"248","ind","0"
"248","lao","0"
"248","pal","0"
"248","bells","0"
"248","bbh","0"
"249","con","27261"
"249","lab","4700"
"249","lib","15591"
"249","ind","318"
"250","dup","15923"
"250","sdlp","24071"
"250","alliance","1108"
"250","sf","10607"
"250","wp","582"
"251","con","18204"
"251","lab","13415"
"251","lib","7194"
"251","nf","229"
"251","eco","277"
"251","ind_lib","102"
"252","con","27879"
"252","lab","4821"
"252","lib","10777"
"252","ind","863"
"253","con","25625"
"253","lab","3886"
"253","lib","20558"
"253","eco","279"
"254","con","17579"
"254","lab","4464"
"254","lib","5129"
"254","snp","12118"
"255","con","12659"
"255","lab","22981"
"255","sdp","11920"
"256","con","27207"
"256","lab","10330"
"256","sdp","12543"
"256","ind","186"
"257","con","26381"
"257","lab","9084"
"257","lib","15538"
"258","con","20356"
"258","lab","19719"
"258","sdp","12819"
"259","con","11801"
"259","lab","16037"
"259","sdp","8710"
"259","snp","2151"
"260","con","6014"
"260","lab","17066"
"260","lib","5366"
"260","snp","3300"
"260","comm","347"
"157","con","28326"
"157","lab","2507"
"157","lib","19972"
"157","eco","337"
"157","ind","94"
"158","con","13415"
"158","lab","22190"
"158","sdp","10251"
"159","con","14201"
"159","lab","17231"
"159","lib","7479"
"160","con","12625"
"160","lab","15307"
"160","lib","9323"
"161","con","22223"
"161","lab","15776"
"161","sdp","11174"
"161","nat_party","214"
"162","con","25963"
"162","lab","14149"
"162","sdp","13900"
"163","con","21741"
"163","lab","22031"
"163","sdp","9820"
"164","con","30604"
"164","lab","6611"
"164","sdp","27203"
"164","eco","415"
"165","con","20866"
"165","lab","9045"
"165","sdp","8864"
"166","con","22292"
"166","lab","9503"
"166","sdp","10665"
"167","con","16674"
"167","lab","9561"
"167","lib","12582"
"167","nf","336"
"167","eco","286"
"168","con","29842"
"168","lab","12402"
"168","lib","3568"
"169","con","4590"
"169","lab","16629"
"169","sdp","6701"
"169","snp","5875"
"170","con","15557"
"170","lab","13920"
"170","sdp","7268"
"170","snp","3460"
"171","con","6576"
"171","lab","19344"
"171","lib","6370"
"171","snp","2451"
"172","con","5240"
"172","lab","20668"
"172","sdp","7594"
"172","plaid","3421"
"173","con","12668"
"173","lab","15665"
"173","sdp","10769"
"173","nf","645"
"173","comm","141"
"174","con","22434"
"174","lab","18996"
"174","sdp","8737"
"174","cd","108"
"175","con","28199"
"175","lab","14636"
"175","lib","11204"
"175","nf","282"
"175","fdp","374"
"176","con","26357"
"176","lab","9840"
"176","sdp","13221"
"177","con","22055"
"177","lab","12887"
"177","lib","13041"
"178","con","20242"
"178","lab","14298"
"178","lib","12545"
"178","plaid","1558"
"179","lab","22123"
"179","con","16998"
"179","sdp","10869"
"180","con","22303"
"180","lab","18797"
"180","lib","9924"
"181","con","17748"
"181","lab","18169"
"181","sdp","9976"
"181","eco","297"
"182","con","19088"
"182","lab","21094"
"182","sdp","11494"
"183","con","25909"
"183","lab","17296"
"183","sdp","15959"
"184","con","29695"
"184","lab","9060"
"184","lib","14370"
"185","con","33644"
"185","lab","10468"
"185","sdp","18020"
"185","wessex_reg","234"
"186","con","28066"
"186","lab","2893"
"186","lib","19339"
"186","eco","669"
"187","con","31156"
"187","lab","3531"
"187","lib","18805"
"187","wessex_reg","113"
"187","ind","116"
"188","con","20292"
"188","lab","18211"
"188","sdp","13065"
"189","con","18646"
"189","lab","21154"
"189","sdp","10524"
"190","con","13915"
"190","lab","26626"
"190","sdp","9916"
"191","con","16570"
"191","lab","23036"
"191","lib","11482"
"192","con","30058"
"192","lab","2710"
"192","lib","30678"
"192","wessex_reg","294"
"193","con","28631"
"193","lab","7831"
"193","sdp","13533"
"193","ind","151"
"194","con","27030"
"194","lab","5168"
"194","lib","13078"
"195","con","25454"
"195","lab","16234"
"195","sdp","10601"
"195","eco","404"
"196","oup","8261"
"196","sdlp","645"
"196","alliance","9015"
"196","pop_u","22861"
"197","oup","20693"
"197","dup","3743"
"197","sdlp","20145"
"197","alliance","4074"
"197","sf","1823"
"197","wp","851"
"198","con","18625"
"198","lab","24441"
"198","sdp","10272"
"199","con","27250"
"199","lab","18527"
"199","lib","13251"
"200","con","15424"
"200","lab","13565"
"200","sdp","8376"
"200","eco","237"
"200","loony_soc","99"
"201","con","13695"
"201","lab","15810"
"201","sdp","9813"
"201","snp","3768"
"202","con","18730"
"202","lab","8764"
"202","sdp","10036"
"202","snp","4527"
"203","con","7172"
"203","lab","15260"
"203","lib","3546"
"203","snp","20276"
"204","con","10138"
"204","lab","20288"
"204","sdp","7976"
"204","snp","7973"
"204","eco","302"
"205","con","6764"
"205","lab","18515"
"205","lib","7214"
"205","snp","2573"
"205","comm","864"
"206","con","10524"
"206","lab","12998"
"206","sdp","9434"
"206","snp","2798"
"206","eco","321"
"207","con","15438"
"207","lab","18163"
"207","sdp","16190"
"208","con","12418"
"208","lab","26404"
"208","lib","12967"
"261","con","5368"
"261","lab","19635"
"261","sdp","6161"
"261","snp","3566"
"261","comm","218"
"262","con","7180"
"262","lab","20370"
"262","sdp","7313"
"262","snp","2207"
"263","con","9678"
"263","lab","13692"
"263","sdp","14036"
"263","snp","2203"
"263","ind_con","249"
"263","av","0"
"263","scot_eco","0"
"264","con","5014"
"264","lab","18724"
"264","lib","7521"
"264","snp","2408"
"264","comm","274"
"265","con","7441"
"265","lab","18973"
"265","lib","6308"
"265","snp","3585"
"266","con","3324"
"266","lab","20040"
"266","sdp","4655"
"266","snp","2737"
"266","comm","294"
"267","con","8017"
"267","lab","21510"
"267","lib","12384"
"267","snp","2438"
"267","workers_rev","148"
"268","con","6787"
"268","lab","19203"
"268","lib","6568"
"268","snp","2801"
"268","bnp","103"
"269","con","4565"
"269","lab","22481"
"269","lib","4882"
"269","snp","2804"
"270","con","27235"
"270","lab","14698"
"270","sdp","13499"
"270","eco","479"
"270","bnp","260"
"271","con","27092"
"271","lab","14572"
"271","sdp","17440"
"272","con","19284"
"272","lab","3899"
"272","lib","20134"
"272","snp","2636"
"273","con","28179"
"273","lab","4319"
"273","lib","13728"
"273","ind","241"
"274","con","15767"
"274","lab","16972"
"274","sdp","10450"
"274","plaid","1444"
"275","con","31692"
"275","lab","10677"
"275","lib","12781"
"276","con","25968"
"276","lab","17505"
"276","sdp","10826"
"276","nf","420"
"276","eco","495"
"277","con","17599"
"277","lab","18330"
"277","sdp","14552"
"278","con","22423"
"278","lab","11223"
"278","lib","10803"
"279","con","4314"
"279","lab","20650"
"279","lib","16025"
"279","snp","2989"
"279","workers_rev","114"
"280","con","12150"
"280","lab","13361"
"280","sdp","8783"
"280","comm","149"
"280","bnp","259"
"280","fellowship","242"
"281","con","30016"
"281","lab","5853"
"281","sdp","18192"
"281","pal","425"
"282","con","10444"
"282","lab","18989"
"282","lib","5746"
"282","nf","396"
"282","comm","426"
"282","eco","492"
"283","con","8930"
"283","lab","16621"
"283","sdp","7025"
"283","ind_lib","3724"
"283","ind_lab","704"
"283","others","1354"
"284","con","28250"
"284","lab","14611"
"284","sdp","14934"
"284","eco","582"
"285","con","22321"
"285","lab","20452"
"285","sdp","11868"
"286","con","17933"
"286","lab","24752"
"286","sdp","10629"
"287","con","8940"
"287","lab","24384"
"287","lib","9365"
"287","snp","3816"
"288","con","11691"
"288","lab","13645"
"288","sdp","4925"
"288","nf","0"
"288","eco","0"
"288","ind_lib","0"
"288","workers_rev","0"
"288","ind","0"
"289","con","36968"
"289","lab","3247"
"289","lib","18641"
"290","con","28044"
"290","lab","4957"
"290","lib","15922"
"291","con","18366"
"291","lab","14996"
"291","sdp","11030"
"291","poet","156"
"292","con","32957"
"292","lab","6285"
"292","lib","14472"
"292","eco","802"
"292","bnp","280"
"293","con","21924"
"293","lab","18250"
"293","lib","12891"
"293","ind","266"
"294","con","30269"
"294","lab","5128"
"294","sdp","14381"
"294","nf","163"
"294","rhcp","316"
"295","con","28834"
"295","lab","12941"
"295","lib","16166"
"296","con","28056"
"296","lab","7856"
"296","sdp","17035"
"297","con","18958"
"297","lab","22048"
"297","sdp","7422"
"298","con","27432"
"298","lab","8302"
"298","lib","14920"
"299","con","25626"
"299","lab","7304"
"299","lib","14646"
"299","ind","0"
"300","con","29148"
"300","lab","6335"
"300","sdp","17192"
"301","con","16451"
"301","lab","12217"
"301","sdp","11842"
"301","freedom","324"
"302","con","22627"
"302","lab","5895"
"302","lib","20605"
"303","con","7291"
"303","lab","22081"
"303","lib","7491"
"304","con","18499"
"304","lab","8786"
"304","sdp","9474"
"304","nat","194"
"304","ind_dem","116"
"305","con","17115"
"305","lab","741"
"305","lib","10682"
"306","con","27039"
"306","lab","4282"
"306","lib","13258"
"306","wfloe","517"
"306","one_nation_con","213"
"307","con","23334"
"307","lab","3690"
"307","lib","21057"
"307","eco","463"
"308","con","29039"
"308","lab","6203"
"308","sdp","16110"
"308","bnp","304"
"308","pfa","221"
"309","con","29302"
"309","lab","11104"
"309","lib","19359"
"310","con","30217"
"310","lab","7818"
"310","lib","18023"
"310","ind","307"
"311","con","28436"
"311","lab","13583"
"311","sdp","18860"
"312","con","28628"
"312","lab","10315"
"312","lib","13758"
"312","ind_comm","1116"
"365","con","29276"
"365","lab","1932"
"365","lib","19490"
"365","eco","668"
"366","con","29261"
"366","lab","4244"
"366","lib","15357"
"366","eco","1221"
"367","con","11328"
"367","lab","17360"
"367","sdp","6734"
"367","bnp","317"
"367","ab","173"
"368","con","17168"
"368","lab","15259"
"368","sdp","9351"
"368","comm","135"
"368","eco","270"
"368","workers_rev","71"
"368","bnp","288"
"369","con","19521"
"369","lab","17015"
"369","lib","7470"
"369","bnp","336"
"370","con","11988"
"370","lab","16504"
"370","sdp","9448"
"371","con","25244"
"371","lab","14958"
"371","sdp","13631"
"371","ind","523"
"372","con","27151"
"372","lab","4229"
"372","lib","19634"
"373","con","8333"
"373","lab","19694"
"373","sdp","7432"
"373","snp","8026"
"373","comm","199"
"374","con","20510"
"374","lab","12106"
"374","lib","14860"
"374","rccp","398"
"375","con","15002"
"375","lab","18802"
"375","sdp","5169"
"375","ind_lib","7021"
"376","con","17448"
"376","lab","21450"
"376","lib","7153"
"377","con","14650"
"377","lab","12352"
"377","lib","18845"
"377","nf","212"
"378","con","7600"
"378","lab","24978"
"378","sdp","5381"
"378","comm","261"
"378","workers_rev","234"
"379","con","12865"
"379","lab","26980"
"379","lib","10970"
"379","bnp","343"
"380","con","12062"
"380","lab","23905"
"380","sdp","7871"
"381","con","9129"
"381","lab","14255"
"381","lib","9704"
"381","snp","5090"
"382","con","9601"
"382","lab","23207"
"382","lib","9076"
"382","plaid","5880"
"382","comm","371"
"383","oup","19469"
"383","dup","12207"
"383","sdlp","9397"
"383","alliance","2401"
"383","sf","7037"
"383","wp","8019"
"384","con","29056"
"384","lab","12876"
"384","sdp","12189"
"384","eco","591"
"384","bnp","228"
"385","con","26278"
"385","lab","5949"
"385","sdp","14975"
"386","con","26115"
"386","lab","14134"
"386","sdp","13769"
"387","con","22531"
"387","lab","17910"
"387","lib","13295"
"388","con","32538"
"388","lab","9923"
"388","lib","11859"
"388","ind","488"
"389","con","26420"
"389","lab","6280"
"389","lib","19194"
"390","con","14238"
"390","lab","25114"
"390","lib","11633"
"417","con","18406"
"417","lab","21210"
"417","lib","10916"
"418","con","18161"
"418","lab","15932"
"418","sdp","9923"
"418","eco","478"
"419","con","11755"
"419","lab","19247"
"419","sdp","11293"
"420","con","16429"
"420","lab","18985"
"420","lib","15136"
"421","con","34157"
"421","lab","4075"
"421","lib","13262"
"422","con","10773"
"422","lab","19282"
"422","lib","7943"
"422","nf","796"
"423","con","6124"
"423","lab","13042"
"423","sdp","5204"
"423","nf","525"
"423","ind_lab","3074"
"424","con","6212"
"424","lab","13561"
"424","sdp","6250"
"424","nf","993"
"425","con","13301"
"425","lab","15931"
"425","sdp","10293"
"425","plaid","697"
"426","con","15948"
"426","lab","15367"
"426","lib","10163"
"426","plaid","477"
"427","oup","18988"
"427","sdlp","17434"
"427","sf","9928"
"427","wp","1070"
"428","con","29032"
"428","lab","8950"
"428","sdp","13517"
"428","ind_powellite","405"
"429","con","26230"
"429","lab","9317"
"429","sdp","13007"
"430","con","23358"
"430","lab","10139"
"430","sdp","20211"
"431","con","30747"
"431","lab","7408"
"431","lib","18612"
"432","con","28632"
"432","lab","9072"
"432","lib","13722"
"433","con","14599"
"433","lab","18783"
"433","sdp","9741"
"434","con","23129"
"434","lab","13269"
"434","lib","12829"
"435","con","26824"
"435","lab","11533"
"435","sdp","11698"
"436","con","30790"
"436","lab","8243"
"436","lib","17807"
"436","eco","499"
"437","con","21355"
"437","lab","15476"
"437","lib","10796"
"437","workers_rev","194"
"438","con","18998"
"438","lab","17286"
"438","sdp","11968"
"438","nf","145"
"438","eco","468"
"438","ind","91"
"439","con","13397"
"439","lab","16280"
"439","sdp","6321"
"439","nf","343"
"439","ind","123"
"440","con","17641"
"440","lab","16177"
"440","sdp","8385"
"440","ind_con","1421"
"441","con","18730"
"441","lab","18368"
"441","sdp","9200"
"441","comm","1184"
"442","con","22238"
"442","lab","16523"
"442","lib","9697"
"339","con","21370"
"339","lab","18596"
"339","lib","9951"
"339","eco","302"
"340","con","14274"
"340","lab","9173"
"340","sdp","6873"
"340","eco","649"
"340","ind","86"
"341","con","25400"
"341","lab","8928"
"341","lib","12857"
"341","new_brit","394"
"342","con","23223"
"342","lab","10119"
"342","sdp","14637"
"343","con","11450"
"343","lab","20250"
"343","sdp","10545"
"343","snp","4165"
"344","con","20293"
"344","lab","6472"
"344","lib","12497"
"344","snp","3297"
"345","con","22094"
"345","lab","4977"
"345","lib","13222"
"345","eco","290"
"345","loony_soc","259"
"346","con","22573"
"346","lab","20776"
"346","sdp","12591"
"347","con","10049"
"347","lab","15380"
"347","sdp","9274"
"347","snp","3452"
"348","con","7758"
"348","lab","24949"
"348","sdp","5715"
"348","workers_rev","246"
"349","con","13958"
"349","lab","25727"
"349","lib","8173"
"350","oup","24017"
"350","dup","6801"
"350","alliance","4593"
"350","sdlp","2603"
"350","cf","1751"
"350","wp","809"
"351","con","25458"
"351","lab","18600"
"351","sdp","10983"
"352","con","21050"
"352","lab","10414"
"352","lib","10214"
"352","ind","179"
"353","con","24239"
"353","lab","18215"
"353","lib","15615"
"354","con","9192"
"354","lab","18706"
"354","lib","10484"
"354","comm","314"
"354","bnp","331"
"355","con","12355"
"355","lab","18450"
"355","lib","10884"
"355","nf","475"
"356","con","21940"
"356","lab","10951"
"356","sdp","12945"
"356","anti_corruption","128"
"356","acie","123"
"357","con","22579"
"357","lab","10757"
"357","sdp","14042"
"357","eco","673"
"357","ind_con","437"
"358","con","13141"
"358","lab","18995"
"358","sdp","9216"
"359","con","12515"
"359","lab","15860"
"359","lib","12908"
"359","bnp","334"
"360","con","19117"
"360","lab","18184"
"360","sdp","10362"
"360","bnp","459"
"360","ind","970"
"361","con","21424"
"361","lab","21417"
"361","lib","9410"
"361","eco","495"
"361","bnp","280"
"361","wpws","161"
"362","con","19125"
"362","lab","20837"
"362","sdp","5935"
"362","workers_rev","0"
"362","bnp","496"
"363","con","24766"
"363","lab","18098"
"363","lib","12043"
"363","eco","673"
"364","con","13163"
"364","lab","25477"
"364","sdp","10468"
"443","con","20002"
"443","lab","15605"
"443","sdp","14264"
"443","ind_lab","504"
"443","eco","0"
"444","con","5806"
"444","lab","23390"
"444","lib","6026"
"444","plaid","3124"
"444","eco","1161"
"445","con","22422"
"445","lab","5116"
"445","lib","9705"
"446","con","15299"
"446","lab","18611"
"446","sdp","11022"
"447","con","14510"
"447","lab","17690"
"447","lib","7745"
"447","wcppp","180"
"448","con","5224"
"448","lab","2665"
"448","lib","9374"
"448","snp","3147"
"449","con","25569"
"449","lab","3439"
"449","lib","15418"
"449","bnp","215"
"450","con","18808"
"450","lab","17541"
"450","lib","10690"
"451","con","23778"
"451","lab","8440"
"451","sdp","16627"
"451","loony_soc","267"
"451","eco","544"
"451","others","207"
"452","con","7425"
"452","lab","15782"
"452","sdp","8195"
"452","snp","2783"
"452","eco","439"
"453","con","7819"
"453","lab","15633"
"453","lib","9104"
"453","snp","4918"
"453","eco","271"
"454","con","7792"
"454","lab","16616"
"454","sdp","7006"
"454","nf","800"
"455","con","24860"
"455","lab","15504"
"455","sdp","10983"
"455","plaid","1073"
"455","eco","478"
"455","ind","136"
"456","con","22739"
"456","lab","16604"
"456","lib","12056"
"456","ind","417"
"457","con","29304"
"457","lab","6612"
"457","lib","13883"
"458","con","18888"
"458","lab","4414"
"458","lib","10997"
"458","snp","11155"
"459","con","27270"
"459","lab","16831"
"459","sdp","13142"
"459","workers_rev","155"
"459","ind_lab","0"
"459","eco","511"
"460","con","15907"
"460","lab","9845"
"460","sdp","20843"
"460","bnp","72"
"460","ind_con","292"
"460","cd","21"
"461","con","19718"
"461","lab","7921"
"461","sdp","11133"
"461","bnp","163"
"462","con","25203"
"462","lab","6538"
"462","lib","13516"
"462","eco","470"
"463","con","11299"
"463","lab","24990"
"463","lib","7452"
"464","con","10139"
"464","lab","20188"
"464","sdp","11444"
"464","plaid","2065"
"464","eco","449"
"465","con","30358"
"465","lab","5595"
"465","lib","15929"
"465","saca","177"
"466","con","31413"
"466","lab","12013"
"466","sdp","13414"
"467","con","25101"
"467","lab","11324"
"467","sdp","12766"
"467","nf","279"
"467","ind_lib","554"
"467","tef","172"
"468","con","14832"
"468","lab","21810"
"468","sdp","10039"
"469","con","24455"
"469","lab","9542"
"469","lib","19141"
"469","ind","387"
"470","con","21863"
"470","lab","16844"
"470","lib","7668"
"470","nf","290"
"470","eco","190"
"470","others","129"
"471","con","27143"
"471","lab","4037"
"471","sdp","11631"
"471","bnp","242"
"472","con","24516"
"472","lab","9218"
"472","sdp","13008"
"472","eco","519"
"472","bnp","147"
"472","cmp","0"
"473","con","24948"
"473","lab","9220"
"473","lib","13549"
"473","ind","161"
"474","con","15244"
"474","lab","18348"
"474","sdp","11614"
"475","con","29932"
"475","lab","6114"
"475","sdp","13625"
"475","eco","1029"
"476","con","13669"
"476","lab","12139"
"476","sdp","12347"
"476","snp","3653"
"477","con","3973"
"477","lab","29448"
"477","sdp","8078"
"477","plaid","4845"
"477","comm","1350"
"478","con","29223"
"478","lab","6214"
"478","sdp","10632"
"479","con","20695"
"479","lab","3126"
"479","lib","20621"
"480","con","32373"
"480","lab","4997"
"480","lib","14307"
"481","con","10613"
"481","lab","14268"
"481","lib","21855"
"481","up","0"
"482","con","29495"
"482","lab","5105"
"482","lib","16393"
"483","con","20771"
"483","lab","7494"
"483","lib","10197"
"483","nf","432"
"484","con","30361"
"484","lab","6604"
"484","sdp","16671"
"485","con","27214"
"485","lab","18393"
"485","lib","12246"
"486","con","11824"
"486","lab","4901"
"486","sdp","13528"
"486","snp","4863"
"487","con","10523"
"487","lab","22236"
"487","lib","8192"
"488","con","13156"
"488","lab","21781"
"488","sdp","11903"
"489","con","12524"
"489","lab","2326"
"489","lib","15920"
"489","snp","852"
"490","con","29622"
"490","lab","13180"
"490","lib","15381"
"491","con","24498"
"491","lab","5105"
"491","lib","11516"
"492","con","33253"
"492","lab","7290"
"492","lib","13033"
"492","eco","518"
"493","con","33262"
"493","lab","6414"
"493","lib","14909"
"493","eco","532"
"494","con","33312"
"494","lab","5816"
"494","lib","17170"
"495","con","29676"
"495","lab","6213"
"495","lib","21115"
"496","con","16075"
"496","lab","25334"
"496","lib","11525"
"497","con","13244"
"497","lab","22906"
"497","sdp","10939"
"497","ind","1780"
"498","con","24297"
"498","lab","5310"
"498","sdp","16438"
"498","eco","439"
"498","ind","219"
"498","mk","569"
"499","con","30869"
"499","lab","6078"
"499","sdp","15620"
"499","acm","797"
"500","con","11832"
"500","lab","21373"
"500","sdp","6190"
"500","workers_rev","417"
"501","con","28876"
"501","lab","3139"
"501","lib","21702"
"501","wessex_reg","182"
"501","ind","86"
"502","con","27977"
"502","lab","9545"
"502","sdp","14048"
"503","con","13120"
"503","lab","31401"
"503","sdp","10183"
"503","ind","298"
"504","con","26712"
"504","lab","9687"
"504","lib","10747"
"505","con","30722"
"505","lab","6439"
"505","lib","15016"
"505","nf","0"
"506","con","11455"
"506","lab","23067"
"506","sdp","10241"
"507","con","7888"
"507","lab","25531"
"507","lib","10322"
"507","nf","286"
"508","con","7908"
"508","lab","24759"
"508","sdp","7968"
"508","comm","296"
"508","rev_comm","222"
"509","con","26851"
"509","lab","10463"
"509","lib","15077"
"509","ind_con","656"
"510","con","15743"
"510","lab","24111"
"510","sdp","12813"
"511","con","15881"
"511","lab","20901"
"511","lib","19355"
"512","con","21595"
"512","lab","20937"
"512","sdp","10172"
"513","con","25866"
"513","lab","11218"
"513","lib","14421"
"513","eco","521"
"514","con","31679"
"514","lab","3794"
"514","lib","15913"
"515","con","24397"
"515","lab","9080"
"515","lib","15773"
"516","con","28496"
"516","lab","7860"
"516","lib","16829"
"516","referendum","135"
"517","con","31509"
"517","lab","4044"
"517","lib","16463"
"518","con","22064"
"518","lab","18958"
"518","sdp","9519"
"518","nf","528"
"518","eco","325"
"519","con","31947"
"519","lab","6075"
"519","lib","14553"
"520","con","26988"
"520","lab","4867"
"520","sdp","17761"
"391","con","13676"
"391","lab","20132"
"391","lib","8081"
"392","con","8868"
"392","lab","27353"
"392","sdp","4956"
"392","nf","729"
"393","con","12495"
"393","lab","22460"
"393","lib","8348"
"393","comm","333"
"393","bnp","231"
"394","con","18329"
"394","lab","15956"
"394","sdp","12231"
"394","fp","184"
"395","con","12488"
"395","lab","23172"
"395","lib","6766"
"396","con","16454"
"396","lab","18670"
"396","sdp","11036"
"397","con","22507"
"397","lab","13851"
"397","sdp","9658"
"398","con","7066"
"398","lab","3735"
"398","sdp","4254"
"398","plaid","9709"
"399","con","28474"
"399","lab","13456"
"399","sdp","10674"
"399","nf","460"
"400","con","5449"
"400","lab","29053"
"400","lib","6323"
"400","plaid","2058"
"400","workers_rev","256"
"401","con","11551"
"401","lab","21220"
"401","lib","8871"
"401","workers_rev","207"
"402","con","9922"
"402","lab","19401"
"402","sdp","13245"
"402","snp","2826"
"403","con","28181"
"403","lab","13045"
"403","sdp","16659"
"403","eco","484"
"403","bnp","290"
"404","con","19827"
"404","lab","13376"
"404","sdp","12720"
"404","nf","539"
"405","con","29691"
"405","lab","4147"
"405","lib","14973"
"406","con","8559"
"406","lab","18358"
"406","lib","5721"
"406","snp","3185"
"407","con","8378"
"407","lab","20642"
"407","sdp","6605"
"407","snp","2473"
"408","con","21746"
"408","lab","9593"
"408","sdp","12403"
"408","plaid","493"
"409","con","12195"
"409","lab","2550"
"409","lib","12863"
"409","plaid","1585"
"409","ind","487"
"410","con","16944"
"410","lab","3139"
"410","lib","7901"
"410","snp","15231"
"411","con","21968"
"411","lab","6882"
"411","sdp","9774"
"411","ind","208"
"412","con","6584"
"412","lab","24483"
"412","lib","5970"
"412","snp","5333"
"413","con","7590"
"413","lab","19939"
"413","sdp","6754"
"413","snp","3743"
"414","con","7350"
"414","lab","22670"
"414","sdp","9066"
"414","plaid","3046"
"414","comp_dem","150"
"415","con","26334"
"415","lab","12051"
"415","sdp","10076"
"415","eco","463"
"416","con","31836"
"416","lab","3027"
"416","lib","18798"
"573","con","15878"
"573","lab","17600"
"573","sdp","9761"
"573","comm","199"
"573","bnp","252"
"573","ind","1220"
"574","con","27101"
"574","lab","3154"
"574","lib","19215"
"575","con","30417"
"575","lab","6896"
"575","sdp","16897"
"576","con","16981"
"576","lab","19640"
"576","sdp","8317"
"576","nf","355"
"576","comm","181"
"576","eco","255"
"576","workers_rev","72"
"576","eth_min","146"
"577","con","25721"
"577","lab","3521"
"577","lib","19166"
"577","ratepayer","500"
"578","con","9751"
"578","lab","20678"
"578","lib","12393"
"578","plaid","896"
"579","con","13027"
"579","lab","22423"
"579","lib","6990"
"579","ind_con","652"
"580","con","20799"
"580","lab","2479"
"580","lib","31279"
"581","con","31199"
"581","lab","6042"
"581","lib","16073"
"581","nf","236"
"582","con","8329"
"582","lab","2200"
"582","lib","16868"
"582","snp","1455"
"583","con","25110"
"583","lab","3732"
"583","lib","20318"
"583","nf","232"
"583","eco","424"
"583","ind","40"
"584","con","9434"
"584","lab","21127"
"584","lib","6852"
"585","con","27029"
"585","lab","17420"
"585","lib","11151"
"586","oup","7066"
"586","dup","16174"
"586","sdlp","12044"
"586","alliance","1735"
"586","sf","16096"
"586","wp","766"
"587","con","25153"
"587","sdp","12339"
"587","lab","9829"
"587","nf","566"
"588","oup","24888"
"588","dup","4547"
"588","sdlp","7807"
"588","sf","4110"
"588","wp","2392"
"589","con","23875"
"589","lab","9611"
"589","sdp","11038"
"590","con","22421"
"590","lab","12028"
"590","sdp","11158"
"590","plaid","1068"
"591","con","10454"
"591","lab","18234"
"591","sdp","9515"
"591","nf","508"
"591","comm","0"
"591","wp","0"
"591","loony_soc","266"
"592","con","18806"
"592","lab","19166"
"592","sdp","9166"
"592","bnp","295"
"593","con","22854"
"593","lab","16146"
"593","sdp","10717"
"594","con","14101"
"594","lab","26615"
"594","sdp","13522"
"595","con","17958"
"595","lab","20782"
"595","lib","10141"
"596","con","21033"
"596","lab","21735"
"596","lib","6586"
"596","bnp","632"
"597","con","11936"
"597","lab","13241"
"597","sdp","7192"
"597","nf","444"
"597","eco","424"
"598","con","10563"
"598","lab","21732"
"598","lib","13901"
"599","con","28434"
"599","lab","12168"
"599","lib","15368"
"599","wessex_reg","213"
"600","con","23765"
"600","lab","5334"
"600","lib","9411"
"600","nf","456"
"600","eco","476"
"601","con","25992"
"601","lab","7115"
"601","sdp","15867"
"601","wessex_reg","183"
"602","con","14645"
"602","lab","18036"
"602","sdp","6697"
"602","comm","0"
"603","con","13004"
"603","lab","18272"
"603","lib","7485"
"604","con","15596"
"604","lab","20873"
"604","sdp","13951"
"604","bnp","267"
"605","con","22740"
"605","lab","16275"
"605","lib","14827"
"605","eco","403"
"606","con","26512"
"606","lab","11463"
"606","sdp","13480"
"606","eco","685"
"607","con","22452"
"607","lab","19867"
"607","sdp","11207"
"608","con","26273"
"608","lab","14247"
"608","sdp","14267"
"609","con","30371"
"609","lab","16073"
"609","sdp","12234"
"610","con","31926"
"610","lab","3060"
"610","sdp","14741"
"611","con","25715"
"611","lab","13659"
"611","lib","12994"
"611","ind","0"
"612","con","25385"
"612","lab","3747"
"612","lib","18810"
"612","ind","273"
"613","con","27498"
"613","lab","14898"
"613","sdp","15252"
"614","con","9603"
"614","lab","25538"
"614","sdp","8082"
"615","con","15596"
"615","lab","15894"
"615","lib","10200"
"616","con","12257"
"616","lab","18896"
"616","sdp","6094"
"617","con","31133"
"617","lab","6058"
"617","lib","22627"
"617","eco","609"
"617","wessex_reg","131"
"618","con","1460"
"618","lab","4560"
"618","lib","876"
"618","snp","8272"
"619","con","19134"
"619","lab","17424"
"619","sdp","6956"
"619","eco","527"
"619","ind","73"
"619","tvcabl","148"
"620","con","29775"
"620","lab","4798"
"620","lib","13188"
"620","eco","805"
"621","con","27948"
"621","lab","5781"
"621","sdp","18457"
"622","con","12320"
"622","lab","29859"
"622","lib","12554"
"623","con","30924"
"623","lab","2888"
"623","lib","23692"
"623","eco","678"
"623","jdf","113"
"624","con","24169"
"624","lab","8806"
"624","lib","12263"
"624","eco","717"
"624","pal","114"
"625","con","31908"
"625","lab","4512"
"625","sdp","18861"
"625","wessex_reg","155"
"626","con","32191"
"626","lab","5883"
"626","lib","13988"
"626","nf","511"
"626","wessex_reg","68"
"626","ind_con","1842"
"626","ind","300"
"627","con","24766"
"627","lab","10411"
"627","sdp","10928"
"628","con","25276"
"628","lab","9855"
"628","lib","10125"
"629","con","28695"
"629","lab","11145"
"629","lib","15983"
"630","con","32748"
"630","lab","6566"
"630","lib","16511"
"630","pal","368"
"631","con","32925"
"631","lab","4362"
"631","lib","17227"
"632","con","17727"
"632","lab","17941"
"632","lib","8524"
"632","nf","585"
"633","con","12428"
"633","lab","17440"
"633","lib","9112"
"634","con","25214"
"634","lab","13694"
"634","sdp","10724"
"634","acm","201"
"635","con","31932"
"635","lab","6536"
"635","lib","16800"
"635","wessex_reg","177"
"636","con","9616"
"636","lab","12767"
"636","sdp","15492"
"636","bnp","384"
"637","con","24381"
"637","lab","11208"
"637","sdp","13510"
"637","bnp","208"
"638","con","28159"
"638","lab","13954"
"638","sdp","12866"
"638","np","386"
"639","con","30095"
"639","lab","4183"
"639","lib","18706"
"639","eco","866"
"639","ind","113"
"640","con","16111"
"640","lab","23239"
"640","lib","5311"
"641","con","17536"
"641","lab","21675"
"641","sdp","14545"
"642","con","32807"
"642","lab","3158"
"642","lib","17554"
"642","nf","292"
"642","bnp","103"
"643","con","22710"
"643","lab","21379"
"643","sdp","14208"
"644","lab","16120"
"644","con","15696"
"644","lib","13974"
"644","plaid","1239"
"645","con","27221"
"645","lab","8636"
"645","sdp","14024"
"645","mpp","327"
"646","con","26559"
"646","lab","8712"
"646","sdp","11748"
"647","con","24809"
"647","lab","9850"
"647","lib","16632"
"648","lib","26608"
"648","con","23195"
"648","lab","2928"
"649","con","15077"
"649","plaid","13333"
"649","lab","6791"
"649","sdp","4947"
"650","con","24309"
"650","lab","20662"
"650","sdp","13523"
"650","bnp","148"
"650","ind","204"
"521","con","21937"
"521","lab","14324"
"521","sdp","16647"
"522","con","24657"
"522","lab","15311"
"522","sdp","14592"
"523","con","21743"
"523","lab","6188"
"523","sdp","11052"
"524","con","26360"
"524","lab","3675"
"524","lib","18327"
"525","con","31855"
"525","lab","3824"
"525","lib","19454"
"525","eco","518"
"526","con","25612"
"526","lab","4233"
"526","lib","20573"
"526","sbilp","374"
"527","con","27625"
"527","lab","14966"
"527","lib","13690"
"528","con","12653"
"528","lab","19055"
"528","sdp","9288"
"529","con","4481"
"529","lab","12021"
"529","lib","17185"
"529","nf","474"
"529","new_brit","154"
"529","others","154"
"530","con","26863"
"530","lab","7926"
"530","sdp","13351"
"530","ind_con","2816"
"530","acm","325"
"531","con","27639"
"531","lab","12789"
"531","sdp","13362"
"531","gizza_job","212"
"532","con","27210"
"532","lab","11720"
"532","lib","13330"
"533","con","30079"
"533","lab","13513"
"533","sdp","12370"
"534","con","32764"
"534","lab","9568"
"534","lib","13004"
"535","con","24556"
"535","lab","13658"
"535","sdp","10220"
"536","con","17436"
"536","lab","21798"
"536","lib","8339"
"536","nf","294"
"537","con","27728"
"537","lab","5354"
"537","sdp","15972"
"538","con","20787"
"538","lab","12673"
"538","sdp","19032"
"538","bnp","236"
"539","con","17039"
"539","lab","11906"
"539","lib","10174"
"539","snp","3488"
"540","con","18517"
"540","lab","12731"
"540","sdp","12129"
"540","eco","369"
"540","nf","194"
"541","con","16469"
"541","lab","18339"
"541","sdp","14630"
"542","con","19448"
"542","lab","13998"
"542","sdp","19550"
"542","ind","205"
"543","con","12944"
"543","lab","21194"
"543","sdp","9458"
"543","loony_soc","504"
"544","con","16518"
"544","lab","24721"
"544","sdp","12186"
"545","con","16506"
"545","lab","23611"
"545","lib","9050"
"546","oup","19086"
"546","dup","11716"
"546","alliance","6171"
"546","sdlp","1713"
"546","ind_lab","430"
"547","con","34041"
"547","lab","5731"
"547","lib","16124"
"548","con","17501"
"548","lab","12308"
"548","lib","13801"
"548","snp","4408"
"549","con","18264"
"549","lab","12362"
"549","lib","8321"
"549","nf","321"
"550","con","13686"
"550","lab","18028"
"550","sdp","8141"
"550","ind_lab","336"
"551","con","30896"
"551","lab","10714"
"551","lib","19182"
"552","con","30096"
"552","lab","10828"
"552","lib","15365"
"553","con","31240"
"553","lab","6780"
"553","sdp","15618"
"554","con","29469"
"554","lab","10516"
"554","lib","18200"
"555","con","16983"
"555","lab","24179"
"555","lib","11090"
"556","con","17321"
"556","lab","22869"
"556","sdp","9865"
"557","con","18245"
"557","lab","5173"
"557","sdp","9496"
"557","eco","551"
"558","con","27272"
"558","lib","11836"
"558","lab","4249"
"559","con","35297"
"559","lab","5452"
"559","lib","14279"
"560","con","31067"
"560","lab","4239"
"560","lib","16716"
"561","con","35310"
"561","lab","3470"
"561","lib","18566"
"562","con","26782"
"562","lab","3568"
"562","lib","16518"
"563","con","31753"
"563","lab","4066"
"563","lib","12769"
"564","con","8080"
"564","lab","22297"
"564","lib","8762"
"564","plaid","1531"
"564","comm","294"
"565","con","15692"
"565","lab","18042"
"565","sdp","8036"
"565","plaid","795"
"565","eco","265"
"566","con","22310"
"566","lab","20915"
"566","sdp","13743"
"567","con","27877"
"567","lab","9295"
"567","sdp","13917"
"568","con","28112"
"568","lab","9498"
"568","sdp","15545"
"569","con","19269"
"569","lab","2057"
"569","lib","7255"
"569","snp","9170"
"570","con","28265"
"570","lab","3749"
"570","lib","20047"
"570","loony_soc","241"
"571","con","26801"
"571","lab","6482"
"571","sdp","12256"
"571","bnp","324"
"572","con","24512"
"572","lab","8429"
"572","lib","10461"
